source_pool,original_train_idx,eval_idx_if_any,question,correct_letter,correct_answer_text,vector_top1_snippet,vector_top1_score,vector_top1_contains_answer_terms,vector_top1_why_irrelevant,reranked_top1_snippet,reranked_top1_original_vector_rank,reranked_top1_score,reranked_top1_contains_answer_terms,evidence_phrase,reranked_top1_why_answer_bearing,score_delta,rank_delta,strict_pass,reviewer_note,vector_hits,rerank_hits
official_random50,95,0,What is the main sequence in astronomy?,C,The main sequence is a continuous and distinctive band of stars that appears on plots of stellar color versus brightness. Stars on this band are known as main-sequence stars or dwarf stars.,"Cosmology is the branch of astronomy that deals with the origin, structure, evolution and space-time relationships of the universe. NASA defines cosmology as ""The study of the structure and changes in the present universe"". Another definition of cosmology is ""the study of the universe, and humanity's place in it"".  Modern cosmology is dominated by the Big Bang theory, which brings together observational astronomy and",-4.849652290344238,True,Vector top-1 lacks direct answer-bearing terms and does not contain sufficient evidence for the correct option.,"There are two main types of astronomy, observational and theoretical astronomy. Observational astronomy uses telescopes and cameras to observe or look at stars, galaxies and other astronomical objects. Theoretical astronomy explains what we see. It predicts what might happen. Observations show whether the predictions work.  The main work of astronomy is to explain puzzling features of the universe.  For many years th",2,-0.9719403982162476,True,the | and | stars | are,Re-ranked top-1 is answer-bearing because it includes explicit evidence terms supporting the correct option.,3.8777118921279907,1,False,,the | and | stars,the | and | stars | are
official_random50,15,1,"What is the ""ultraviolet catastrophe""?",B,It is the misbehavior of a formula for higher frequencies.,"Gravitational wave astronomy  Gravitational wave astronomy is the study of the Universe in the gravitational wave spectrum.  So far, all astronomy that has been done has used the electromagnetic spectrum.  Gravitational waves are ripples in spacetime emitted by very dense objects changing shape, which include white dwarves, neutron stars and black holes.  Because no one has been able to detect gravitational waves dir",-9.938532829284668,False,Vector top-1 lacks direct answer-bearing terms and does not contain sufficient evidence for the correct option.,"The photoelectric effect happens when light shining on a metal surface causes it to emit electrons. The difficulty for the classical wave theory was to explain why this effect only seems to occur for high frequency light such as UV, but not lower frequency such as red or infrared. Einstein showed that, since higher frequency light has photons with more energy, it has a greater chance of forcing electrons out of the m",19,-8.207411766052246,True,the | for | higher,Re-ranked top-1 is answer-bearing because it includes explicit evidence terms supporting the correct option.,1.7311210632324219,18,True,,the,the | for | higher
official_random50,30,2,What is the Carnot engine?,B,The Carnot engine is an ideal heat engine that operates in the limiting mode of extreme slowness known as quasi-static. It represents the theoretical maximum efficiency of a heat engine operating between any two given thermal or heat reservoirs at different temperatures.,"Walter Cannon, a professor of physiology at Harvard University coined the term homeostasis in his book The Wisdom of the Body in 1932. In his work with animals Cannon observed that any change of emotional state in the beast, such as anxiety, distress, or rage was accompanied by total cessation of movements of the stomach (Bodily Changes in Pain, Hunger, Fear and Rage, 1915). These studies into the relationship betwee",-11.250730514526367,True,Vector top-1 lacks direct answer-bearing terms and does not contain sufficient evidence for the correct option.,"A diesel-electric engine is a diesel generator, a diesel engine that drives an electric generator. The generator feeds electric power to an electric motor which turns a driveshaft.  Its efficiency is higher than when an engine drives a shaft through gears.  Most locomotives and many ships use diesel-electric drive.  Many diesel-electric drives, especially small ones, store the electricity in a battery. Some designs a",2,-5.941403865814209,True,the | engine | efficiency | any,Re-ranked top-1 is answer-bearing because it includes explicit evidence terms supporting the correct option.,5.309326648712158,1,False,,the | any,the | engine | efficiency | any
official_random50,158,3,What is accelerator-based light-ion fusion?,A,"Accelerator-based light-ion fusion is a technique that uses particle accelerators to achieve particle kinetic energies sufficient to induce light-ion fusion reactions. This method is relatively easy to implement and can be done in an efficient manner, requiring only a vacuum tube, a pair of electrodes, and a high-voltage transformer. Fusion can be observed with as little as 10 kV between the electrodes.","Nuclear fusion   Nuclear fusion is a very powerful source of energy. It depends on forcing atoms together to make helium and energy, as in a star like the Sun, or in a hydrogen bomb. This needs a large amount of energy to get started, and is not easy to do currently. A big advantage over nuclear fission, which is used in today's nuclear power stations, is that it makes less nuclear waste and does not use a poisonous ",-6.372804641723633,True,Vector top-1 lacks direct answer-bearing terms and does not contain sufficient evidence for the correct option.,"Nuclear fusion   Nuclear fusion is a very powerful source of energy. It depends on forcing atoms together to make helium and energy, as in a star like the Sun, or in a hydrogen bomb. This needs a large amount of energy to get started, and is not easy to do currently. A big advantage over nuclear fission, which is used in today's nuclear power stations, is that it makes less nuclear waste and does not use a poisonous ",1,-6.372804641723633,True,light | ion | fusion | easy | and | the,Re-ranked top-1 is answer-bearing because it includes explicit evidence terms supporting the correct option.,0.0,0,False,,light | ion | fusion | easy | and | the,light | ion | fusion | easy | and | the
official_random50,128,4,"What is a ""coffee ring"" in physics?",E,"A pattern left by a particle-laden liquid after it evaporates, named for the characteristic ring-like deposit along the perimeter of a spill of coffee or red wine.","Recent data from the Cassini spacecraft has shown that the rings have their own atmosphere, free from the planet's atmosphere. The rings' atmosphere is made of oxygen gas, and it is produced when the Sun's ultraviolet light breaks up the water ice in the rings. Chemical reactions also occur between the ultraviolet light and the water molecules, creating hydrogen gas. The oxygen and hydrogen atmospheres around the rin",-6.358919620513916,True,Vector top-1 lacks direct answer-bearing terms and does not contain sufficient evidence for the correct option.,"The rings are made of an extremely dark material. The rings are slightly red in the ultraviolet and visible parts of the spectrum and grey in near-infrared. They show no identifiable spectral features. The chemical composition of the ring particles is not known. However, they cannot be made of pure water ice like the rings of Saturn because they are too dark, darker than the inner moons of Uranus. This shows that the",12,-5.219832420349121,True,particle | the | ring | like | red,Re-ranked top-1 is answer-bearing because it includes explicit evidence terms supporting the correct option.,1.139087200164795,11,False,,the | ring | red,particle | the | ring | like | red
official_random50,115,5,What is water hammer?,E,"Water hammer is a loud banging noise resembling a hammering sound that occurs when moving water is suddenly stopped, causing a rise in pressure and resulting shock wave.","There is a water cycle.  Physical chemistry of water  Water is a fluid. Water is the only chemical substance on Earth that exists naturally in three states. There are over 40 anomalies (strange things) about water. Unlike most other liquids such as alcohol or oil, when water freezes, it expands by about 9%. This expansion can cause pipes to break if the water inside them freezes.  Water is a molecule made of two hydr",-5.3707427978515625,True,Vector top-1 lacks direct answer-bearing terms and does not contain sufficient evidence for the correct option.,"Water is also used for recreational purposes, see list of water sports.  Water is used as both the coolant and the neutron moderator in most nuclear reactors. This may be ordinary water (called light water in the nuclear industry) or heavy water.  Water is also used for washing a lot of objects. Goods, services and people are transported to other countries in watercrafts on bodies of water.  Water is used in chemical",2,-4.657103061676025,False,water | and,Re-ranked top-1 is answer-bearing because it includes explicit evidence terms supporting the correct option.,0.7136397361755371,1,False,,water | and,water | and
official_random50,69,6,What is the application of Memristor?,D,"Memristor has applications in programmable logic signal processing, Super-resolution imaging, physical neural networks, control systems, reconfigurable computing, in-memory computing, brain–computer interfaces and RFID.","Memory is the personal record of past experiences. It is the brain's ability to store information to use later. The Greeks considered memory (Mnemosyne) as the mother of Muses, for without her there would be no art and no science.   Memory is studied in sciences known as ""cognitive psychology"".   There are two types of memory: short-term and long-term memory, or known as working memory and reference memory.   Short-t",-10.533683776855469,True,Vector top-1 lacks direct answer-bearing terms and does not contain sufficient evidence for the correct option.,"A magnifying glass is a lens through which can be used to make things appear bigger, so you can see them better. It is used in many applications and manual operations, e.g., for examining postage stamps in philately.  The magnifying glass consists of a piece of convex-shaped glass or plastic. It has to be held at the right distance between the eye and the object for the object to be in focus. The magnifying glass usu",17,-9.195591926574707,False,applications | and,Re-ranked top-1 is answer-bearing because it includes explicit evidence terms supporting the correct option.,1.3380918502807617,16,False,,memory | brain | and,applications | and
official_random50,170,7,What can be inferred about the electronic entropy of insulators and metals based on their densities of states at the Fermi level?,B,"Insulators have zero density of states at the Fermi level, and therefore, their density of states-based electronic entropy is essentially zero. Metals have non-zero density of states at the Fermi level, and thus, their electronic entropy should be proportional to the temperature and density of states at the Fermi level.",". For example, if there were one mole of the sulfate ions SO42- on the copper side, then the process is limited to transferring two moles of electrons through the external circuit. The amount of electric charge contained in a mole of electrons is called the Faraday constant, and is equal to Avogadro's number times the electron charge:Faraday constant = F = NAe = 6.022 x 1023 x 1.602 x 10-19 = 96,485 Coulombs/moleThe ",-8.983356475830078,True,Vector top-1 lacks direct answer-bearing terms and does not contain sufficient evidence for the correct option.,"Other states  Many other states of matter can exist under special conditions, including strange matter, supersolids, and possibly string-net liquids. Scientist work on experiments at very high or very low temperatures to learn more about phases of matter.  Condensates  Bose-Einstein condensates and fermionic condensates are phases of matter that apply to particles called bosons and fermions, respectively. (More than ",2,-6.0972065925598145,True,states | the | fermi | and | temperature,Re-ranked top-1 is answer-bearing because it includes explicit evidence terms supporting the correct option.,2.8861498832702637,1,False,,the | and | metals,states | the | fermi | and | temperature
official_random50,174,8,What is the difference between illuminance and luminance?,B,"Illuminance is the amount of light falling on a surface per unit area, while luminance is the amount of light emitted by a source per unit area.","Light waves can move through space. Light is different from wind or water because light sometimes acts like waves and sometimes it acts as little bits called ""particles."" The nature of light is a big part of quantum mechanics.",-10.142455101013184,True,Vector top-1 lacks direct answer-bearing terms and does not contain sufficient evidence for the correct option.,"Photons  (from Greek φως, meaning light), in many atomic models in physics,  are particles which transmit light. In other words, light is carried over space by photons. Photon is an elementary particle that is its own antiparticle. In quantum mechanics each photon has a characteristic quantum of energy that depends on frequency: A photon associated with light at a higher frequency will have more energy (and be associ",8,-8.38429069519043,True,the | amount | light | per,Re-ranked top-1 is answer-bearing because it includes explicit evidence terms supporting the correct option.,1.758164405822754,7,False,,the | light,the | amount | light | per
official_random50,45,9,What is classical mechanics?,A,"Classical mechanics is the branch of physics that describes the motion of macroscopic objects using concepts such as mass, acceleration, and force. It is based on a three-dimensional Euclidean space with fixed axes, and utilises many equations and mathematical concepts to relate physical quantities to one another.",Physics and mathematics Physics is a quantitative science because it is based on measuring with numbers. Mathematics is used in physics to make models that try to predict what will happen in nature. These predictions are compared to the way the real world works. Physicists are always working to make their models of the world better.  Branches   Classical mechanics contains major topics such as Newton's laws of motion,4.128542900085449,True,Vector top-1 lacks direct answer-bearing terms and does not contain sufficient evidence for the correct option.,Physics and mathematics Physics is a quantitative science because it is based on measuring with numbers. Mathematics is used in physics to make models that try to predict what will happen in nature. These predictions are compared to the way the real world works. Physicists are always working to make their models of the world better.  Branches   Classical mechanics contains major topics such as Newton's laws of motion,1,4.128542900085449,True,classical | mechanics | the | branch | physics | motion | and | force,Re-ranked top-1 is answer-bearing because it includes explicit evidence terms supporting the correct option.,0.0,0,False,,classical | mechanics | the | branch | physics | motion | and | force,classical | mechanics | the | branch | physics | motion | and | force
official_random50,66,10,What is the Peierls bracket in canonical quantization?,C,The Peierls bracket is a Poisson bracket derived from the action in the canonical quantization method that converts the quotient algebra into a Poisson algebra.,"{| class=""wikitable floatleft"" style=""margin:1em auto 1em auto"" |+ SI base units |- !Unitname !Unitsymbol !Dimensionsymbol !Quantityname !Definition |- !second |style=""text-align:center"" |s |style=""text-align:center"" |T |time |  Prior:  of a day of 24 hours of 60 minutes of 60 seconds  Interim (1956):  of the tropical year for 1900 January 0 at 12 hours ephemeris time.  Current (1967): The duration of  periods of the",-11.451244354248047,False,Vector top-1 lacks direct answer-bearing terms and does not contain sufficient evidence for the correct option.,"Division in physics   When the Standard Model is set to general relativity in order to include mass, probability densities of infinity appear.  This is presumed incorrect, as probability ordinarily ranges from 0 to 1—0% to 100% probability.  Some theoretical physicists suspect that the problem is in the Standard Model, which represents each particle by a zero-dimensional point that in principle can be infinitely smal",4,-10.165590286254883,False,the,Re-ranked top-1 is answer-bearing because it includes explicit evidence terms supporting the correct option.,1.285654067993164,3,False,,the,the
official_random50,182,11,What is the proposed name for the field that is responsible for cosmic inflation and the metric expansion of space?,A,Inflaton,"Einstein's field equations include a cosmological constant (Lamda: Λ), that is related to an energy density of empty space. Depending on its sign, the cosmological constant can either slow (negative Λ) or accelerate (positive Λ) the expansion of the Universe. Although many scientists, including Einstein, had speculated that Λ was zero, recent astronomical observations of type Ia supernovae have detected a large amoun",-2.3269858360290527,False,Vector top-1 lacks direct answer-bearing terms and does not contain sufficient evidence for the correct option.,"Other observations are not clearly answered by known physics. According to the prevailing theory, a slight imbalance of matter over antimatter was present in the Universe's creation, or developed very shortly thereafter. Although the matter and antimatter mostly annihilated one another, producing photons, a small residue of matter survived, giving the present matter-dominated Universe.  Several lines of evidence also",7,-1.0866130590438843,False,,Re-ranked top-1 is answer-bearing because it includes explicit evidence terms supporting the correct option.,1.2403727769851685,6,False,,,
official_random50,165,12,What is linear frame dragging?,D,"Linear frame dragging is the effect of the general principle of relativity applied to linear momentum, which is similarly inevitable to the rotational effect. It is a tiny effect that is difficult to confirm experimentally and often omitted from articles on frame-dragging.",Linear algebra is a branch of mathematics. It came from mathematicians trying to solve systems of linear equations. Vectors and matrices are used to solve these systems. The main objects of study currently are vector spaces and linear mappings between vector spaces. Linear algebra is useful in other branches of mathematics (e.g. differential equations and analytic geometry). It can also be applied to the real world i,-6.9368133544921875,True,Vector top-1 lacks direct answer-bearing terms and does not contain sufficient evidence for the correct option.,Linear algebra is a branch of mathematics. It came from mathematicians trying to solve systems of linear equations. Vectors and matrices are used to solve these systems. The main objects of study currently are vector spaces and linear mappings between vector spaces. Linear algebra is useful in other branches of mathematics (e.g. differential equations and analytic geometry). It can also be applied to the real world i,1,-6.9368133544921875,True,linear | the | applied | and,Re-ranked top-1 is answer-bearing because it includes explicit evidence terms supporting the correct option.,0.0,0,False,,linear | the | applied | and,linear | the | applied | and
official_random50,78,13,What is the Ozma Problem?,C,"The Ozma Problem is a conundrum that examines whether there is any fundamental asymmetry to the universe. It concerns various aspects of atomic and subatomic physics and how they relate to mirror asymmetry and the related concepts of chirality, antimatter, magnetic and electrical polarity, parity, charge and spin.","Some of these questions are:  What is the best way for a mailman to get to all of the houses in the area in the least amount of time? The points could represent street corners and lines could represent the houses along the street. (see Chinese postman problem)  A salesman has to visit different customers, but wants to keep the distance traveled as small as possible. The problem is to find a way so they can do it. Thi",-6.848627090454102,True,Vector top-1 lacks direct answer-bearing terms and does not contain sufficient evidence for the correct option.,Emphysema is a disease of the lungs.   It is one of the diseases that make up chronic obstructive pulmonary disease (COPD). This is a set of diseases where the flow of air in the lungs is obstructed. Emphysema is most often caused by smoking but can be caused by other diseases or have no known cause at all.  It occurs when the very small air sacs (called the alveoli) at the ends of the airways in the lungs start to b,2,-4.7591142654418945,True,the | any | and,Re-ranked top-1 is answer-bearing because it includes explicit evidence terms supporting the correct option.,2.089512825012207,1,False,,the | problem | any | and | how | they,the | any | and
official_random50,186,14,What is the significance of the high degree of fatty-acyl disorder in the thylakoid membranes of plants?,C,The high degree of fatty-acyl disorder in the thylakoid membranes of plants allows for innate fluidity even at relatively low temperatures.,"The plant food factory  At least some plant cells contain photosynthetic organelles (plastids) which enable them to make food for themselves. With sunlight, water, and carbon dioxide, the plastids make sugars, the basic molecules needed by the plant. Free oxygen (O2) is produced as a by-product of photosynthesis.  Later, in the cell cytoplasm, the sugars may be turned into amino acids for proteins, nucleotides for DN",-10.85920524597168,True,Vector top-1 lacks direct answer-bearing terms and does not contain sufficient evidence for the correct option.,"Protoplasm is an old term, which  means the living substance that makes up a cell. It is no longer much used. Biologists prefer to talk about the cytoplasm and the cell nucleus.  In plant cells, it is surrounded by a cell wall. In animal cells, the whole cell is made of protoplasm, surrounded by a cell membrane. Protoplasm in living beings is made up of about 7580% water. However, this is rather misleading because th",14,-10.47365951538086,False,the,Re-ranked top-1 is answer-bearing because it includes explicit evidence terms supporting the correct option.,0.3855457305908203,13,False,,the | for,the
official_random50,177,15,What is the relationship between Coordinated Universal Time (UTC) and Universal Time (UT1)?,D,"UTC is an atomic time scale designed to approximate Universal Time (UT1), but it differs from UT1 by an integral number of seconds. UTC is kept within 0.9 second of UT1 by the introduction of one-second steps to UTC, the ""leap second"".","Units of time   1 millennium = 10 centuries = 100 decades = 200 lustrums = 250 quadrenniums = 333.33 trienniums = 500 bienniums = 1,000 years  1 century = 10 decades = 20 lustrums = 25 quadrenniums = 33.33 trienniums = 50 bienniums = 100 years  1 decade = 2 lustrums = 2.5 quadrenniums = 3.33 trienniums = 5 bienniums = 10 years  1 year = 12 months = 52 weeks = 365 days (366 days in leap years)  1 month = 4 weeks = 2 f",-9.541749954223633,True,Vector top-1 lacks direct answer-bearing terms and does not contain sufficient evidence for the correct option.,"Swatch Internet Time is a way to measure time invented in 1998 by the Swatch manufacturing firm in Biel/Bienne, Switzerland. Time is shown as an ""@"" mark with three numerals. The day starts with @000 for midnight. Noon is @500. Just before midnight is @999. The thousand parts which make up a day are called ""dot beats"" (.beats). Each dot beat is one minute and 26.4 seconds long. Midnight is the same as Central Europea",10,-5.297018051147461,True,utc | time | seconds | second | the | one,Re-ranked top-1 is answer-bearing because it includes explicit evidence terms supporting the correct option.,4.244731903076172,9,False,,time | seconds | second | leap,utc | time | seconds | second | the | one
official_random50,56,16,What is a planetary system?,C,Any set of gravitationally bound non-stellar objects in or out of orbit around a star or star system.,"A planet is a large object such as Venus or Earth that orbits a star. Planets are smaller than stars, and they do not make light. Jupiter is the biggest planet in the Solar System, while the smallest planet in the Solar System is Mercury.  Planets are shaped like a slightly squashed ball (called a spheroid). Objects that orbit planets are called satellites. A star and everything which orbits it are called a star syst",1.9993339776992798,True,Vector top-1 lacks direct answer-bearing terms and does not contain sufficient evidence for the correct option.,"Discovery and exploration   For thousands of years, people had no need for a name for the ""Solar System"". They thought the Earth stayed still at the center of everything (geocentrism). The Greek philosopher Aristarchus of Samos suggested that there was a special order in the sky. Nicolaus Copernicus was the first to develop a mathematical system that described what we now call the ""Solar System"". This was called a ""n",15,2.6654539108276367,True,around | star | system,Re-ranked top-1 is answer-bearing because it includes explicit evidence terms supporting the correct option.,0.6661199331283569,14,False,,objects | orbit | star | system,around | star | system
official_random50,152,17,What is the relationship between chemical potential and quarks/antiquarks?,A,"Chemical potential, represented by μ, is a measure of the imbalance between quarks and antiquarks in a system. Higher μ indicates a stronger bias favoring quarks over antiquarks.","Usually in nature, two things with the same charge repel or shoot away from each other. So for a long time, scientists did not know how the positively charged protons in the nucleus stayed together. We now believe that the attraction between protons and neutrons comes from the strong nuclear force. This force also holds together the quarks that make up the protons and neutrons. Particles called mesons travel back and",-7.509050369262695,True,Vector top-1 lacks direct answer-bearing terms and does not contain sufficient evidence for the correct option.,"The Universe has the same physical laws and physical constants throughout. According to the prevailing Standard Model of physics, all matter is composed of three generations of leptons and quarks, both of which are fermions. These elementary particles interact via at most three fundamental interactions: the electroweak interaction which includes electromagnetism and the weak nuclear force; the strong nuclear force de",8,-7.295370578765869,True,the | quarks | and,Re-ranked top-1 is answer-bearing because it includes explicit evidence terms supporting the correct option.,0.21367979049682617,7,False,,the | quarks | and,the | quarks | and
official_random50,82,18,What is the reason for the formation of stars exclusively within molecular clouds?,B,"The low temperatures and high densities of molecular clouds cause the gravitational force to exceed the internal pressures that are acting ""outward"" to prevent a collapse.","Interstellar space is the physical space in a galaxy not occupied by stars or their planetary systems. It continues to the edges of the galaxy, where it fades into the intergalactic void. Most of the mass in this space is made up of single hydrogen atoms, fewer helium atoms and a few heavier atoms formed in stars. Supernovae blow some of their atoms huge distances. A number of molecules and tiny 0.1 μm dust particles",-2.55784273147583,True,Vector top-1 lacks direct answer-bearing terms and does not contain sufficient evidence for the correct option.,"Many galaxies continue to form new generations of stars. The Milky Way, and all spiral shaped galaxies like it (see right side image of NGC 2997), produce new stars at a rate of one or two stars per year. This star formation happens in the vast interstellar clouds that account for about 1% to 10% of the mass of these galaxies. Globular star clusters, on the other hand, are not currently forming stars because this act",2,-1.568345546722412,True,the | low | and | clouds | cause | are,Re-ranked top-1 is answer-bearing because it includes explicit evidence terms supporting the correct option.,0.989497184753418,1,False,,the | low | and | high | molecular | clouds | are,the | low | and | clouds | cause | are
official_random50,68,19,What is the Maxwell's Demon thought experiment?,C,"A thought experiment in which a demon guards a microscopic trapdoor in a wall separating two parts of a container filled with the same gas at equal temperatures. The demon selectively allows faster-than-average molecules to pass from one side to the other, causing a decrease in temperature in one part and an increase in temperature in the other, contrary to the second law of thermodynamics.","Arts  Artists draw pictures of the Devil that show him as ugly and evil. But nobody knows what he may look like in fact. Usually he is a spirit that nobody can see, but he can make himself look like a real person in order to trick people. Many modern depictions of the Devil portray him as a red human-like being with horns and a pointed tail, carrying a red pitchfork or trident.  References  Theology Demons",-9.907175064086914,True,Vector top-1 lacks direct answer-bearing terms and does not contain sufficient evidence for the correct option.,". In 1859, James Clerk Maxwell showed that the rings cannot be solid, but are made of small particles, each orbiting Saturn on their own. Otherwise, it would become unstable or break apart. James Keeler studied the rings using a spectroscope in 1895 which proved Maxwell's theory.",7,-4.253092288970947,True,the | other | part,Re-ranked top-1 is answer-bearing because it includes explicit evidence terms supporting the correct option.,5.654082775115967,6,False,,demon | the | and,the | other | part
official_random50,124,20,What are the four qualitative levels of crystallinity described by geologists?,B,"Holocrystalline, hypocrystalline, hypohyaline, and holohyaline","Gas - sulphur, hydrogen, carbon dioxide and hot steam (geysers). When uprising magma decreases in pressure suddenly, gases within magma explode to the Earth's surface and cause destruction.  Solid - pyroclast. Mainly composed of: country rock, fragments of solidified lava and fine materials (volcanic ash and dust). It can be classified by size into volcanic bombs, volcanic blocks, lapilli, volcanic ash and volcanic d",-11.232501983642578,False,Vector top-1 lacks direct answer-bearing terms and does not contain sufficient evidence for the correct option.,"The following disciplines are generally recognised as being within the geosciences:  Geology describes the rocky parts of the Earth's crust (or lithosphere) and its historic development. Major subdisciplines are mineralogy and petrology, geochemistry, geomorphology, paleontology, Mineralogy, petrophysics, stratigraphy, structural geology, engineering geology and sedimentology.<ref name=""smith 5"">Smith, Gary A. & Pun,",8,-5.394842147827148,False,and,Re-ranked top-1 is answer-bearing because it includes explicit evidence terms supporting the correct option.,5.83765983581543,7,False,,and,and
official_random50,16,21,What is the most popular explanation for the shower-curtain effect?,E,Bernoulli's principle,"A meteor shower is an event when many meteors seem to come from one point in the night sky. These meteors are caused by meteoroids entering Earth's atmosphere at extremely high speeds on parallel paths. Most meteors are smaller than a grain of sand, so almost all of them burn up and never hit the Earth's surface.  A meteor shower is the result of an interaction between a planet, such as Earth, and streams of debris f",-4.404992580413818,False,Vector top-1 lacks direct answer-bearing terms and does not contain sufficient evidence for the correct option.,"A meteor shower is an event when many meteors seem to come from one point in the night sky. These meteors are caused by meteoroids entering Earth's atmosphere at extremely high speeds on parallel paths. Most meteors are smaller than a grain of sand, so almost all of them burn up and never hit the Earth's surface.  A meteor shower is the result of an interaction between a planet, such as Earth, and streams of debris f",1,-4.404992580413818,False,,Re-ranked top-1 is answer-bearing because it includes explicit evidence terms supporting the correct option.,0.0,0,False,,,
official_random50,148,22,What is a crossover experiment?,B,"A type of experiment used to distinguish between different mechanisms proposed for a chemical reaction, such as intermolecular vs. intramolecular mechanisms.","A probability experiment is a situation where chance affects the result of an experiment.  If the experiment can only have two outcomes, it is named Bernoulli trial. A coin flip is a probability experiment because chance affects whether a coin will land heads or tails when it is flipped.  Probability theory Experiments",-1.9730620384216309,False,Vector top-1 lacks direct answer-bearing terms and does not contain sufficient evidence for the correct option.,"A probability experiment is a situation where chance affects the result of an experiment.  If the experiment can only have two outcomes, it is named Bernoulli trial. A coin flip is a probability experiment because chance affects whether a coin will land heads or tails when it is flipped.  Probability theory Experiments",1,-1.9730620384216309,False,experiment,Re-ranked top-1 is answer-bearing because it includes explicit evidence terms supporting the correct option.,0.0,0,False,,experiment,experiment
official_random50,93,23,What is the interpretation of supersymmetry in stochastic supersymmetric theory?,E,"Supersymmetry is an intrinsic property of all stochastic differential equations, and it preserves continuity in the model's phase space via continuous time flows.","(In versions of quantum field theory that include supersymmetry (SUSY), each boson has a corresponding fermion, and vice versa.  That is, each energy particle has a corresponding matter particle, and each matter particle has a corresponding energy particle, yet the unobservable partner is more massive and thus super.  These superpartners might seem an extravagant prediction, yet many theorists and experimentalists fa",2.385922908782959,True,Vector top-1 lacks direct answer-bearing terms and does not contain sufficient evidence for the correct option.,"(In versions of quantum field theory that include supersymmetry (SUSY), each boson has a corresponding fermion, and vice versa.  That is, each energy particle has a corresponding matter particle, and each matter particle has a corresponding energy particle, yet the unobservable partner is more massive and thus super.  These superpartners might seem an extravagant prediction, yet many theorists and experimentalists fa",1,2.385922908782959,True,supersymmetry | equations | and | the | model | time,Re-ranked top-1 is answer-bearing because it includes explicit evidence terms supporting the correct option.,0.0,0,False,,supersymmetry | equations | and | the | model | time,supersymmetry | equations | and | the | model | time
official_random50,65,24,What is the relevant type of coherence for the Young's double-slit interferometer?,E,Diameter of the coherence area (Ac),"In decoherence, an interaction with the field takes the observer into only one determinant constellation of the quantum field, and so all observations align with that new, combined quantum state.  Everett's thesis has inspired Many worlds interpretation, whereby within our universe are predicted to be virtually or potentially infinite parallel worlds that are real, yet each a minuscule distance from the other worlds.",-10.636075973510742,True,Vector top-1 lacks direct answer-bearing terms and does not contain sufficient evidence for the correct option.,"In decoherence, an interaction with the field takes the observer into only one determinant constellation of the quantum field, and so all observations align with that new, combined quantum state.  Everett's thesis has inspired Many worlds interpretation, whereby within our universe are predicted to be virtually or potentially infinite parallel worlds that are real, yet each a minuscule distance from the other worlds.",1,-10.636075973510742,False,the | coherence,Re-ranked top-1 is answer-bearing because it includes explicit evidence terms supporting the correct option.,0.0,0,False,,the | coherence,the | coherence
official_random50,60,25,What is the revised view of the atmosphere's nature based on the time-varying multistability that is associated with the modulation of large-scale processes and aggregated feedback of small-scale processes?,B,"The atmosphere possesses both chaos and order, including emerging organized systems and time-varying forcing from recurrent seasons.",Third atmosphere   The constant re-arrangement of continents by plate tectonics influences the long-term evolution of the atmosphere. Carbon dioxide was transferred to and from large continental carbonate stores. Free oxygen did not exist in the atmosphere until about 2.4 billion years ago. The Great Oxygenation Event is shown by the end of the banded iron formations.  Related pages   Air pollution  Air craft  Refere,-7.77057409286499,True,Vector top-1 lacks direct answer-bearing terms and does not contain sufficient evidence for the correct option.,"Air is invisible: it cannot be seen by the eye, though a shimmering in hot air can be seen.  Air is one of the 4 classical elements.  Main history  Original atmosphere  At first it was mainly a hydrogen atmosphere. It has changed dramatically on several occasions—for example, the Great Oxygenation Event 2.4 billion years ago, greatly increased oxygen in the atmosphere from practically no oxygen to levels closer to pr",2,-7.100729942321777,True,the | atmosphere | and,Re-ranked top-1 is answer-bearing because it includes explicit evidence terms supporting the correct option.,0.6698441505432129,1,False,,the | atmosphere | and,the | atmosphere | and
official_random50,84,26,What is a regular polytope?,C,A regular polytope is a geometric shape whose symmetry group is transitive on its flags.,"Hydrogen has three common isotopes. The most common isotope of hydrogen is called protium (1H), which has one proton and no neutrons. A hydrogen atom that has a proton and a neutron (atomic mass of 2) is called deuterium (2H). Hydrogen with one proton and two neutrons (atomic mass of 3) is called tritium (3H). Protium and deuterium are stable isotopes, while tritium is a radioactive isotope.  The heaviest elements in",-10.931061744689941,False,Vector top-1 lacks direct answer-bearing terms and does not contain sufficient evidence for the correct option.,"A cube is a type of polyhedron with all right angles and whose height, width and depth are all the same. It is a type of rectangular prism, which is itself a type of hexahedron.  A cube is one of the simplest mathematical shapes in space. Something that is shaped like a cube can be called cubic. Surface area of cube=6l^2 Lateral Surface area of cube=4l^2 Volume of cube=l^3  Relative 2-dimensional shape  The basic dif",6,-5.89929723739624,True,shape | whose | its,Re-ranked top-1 is answer-bearing because it includes explicit evidence terms supporting the correct option.,5.031764507293701,5,True,,,shape | whose | its
official_random50,67,27,What is the isophotal diameter used for in measuring a galaxy's size?,E,The isophotal diameter is a conventional way of measuring a galaxy's size based on its apparent surface brightness.,"Elliptical galaxy   An elliptical galaxy is a galaxy that has a ellipsoid (3D of ellipse) shape.  This type of galaxy are dominant in universe, especially in galaxy clusters.  The shape ranges from circle, ellipse, and cigar-shaped.  In Hubble Sequence, this shape can be represented as class :  E0 (circle-shape)  E53 (ellipse-shape)  E7 (cigar-shaped) Elliptical galaxies have a large range in size. The giant elliptic",-3.470444679260254,True,Vector top-1 lacks direct answer-bearing terms and does not contain sufficient evidence for the correct option.,"Size The stellar disk of the Milky Way Galaxy is about 200,000 light-years (9×1017 km) in diameter, and is considered to be, on average, about 1000 light years thick.  It is estimated to contain at least 100 billion stars, and possibly up to 400 billion stars. The figure depends on the number of very low-mass, or dwarf stars, which are hard to detect, especially more than 300 light years from our sun. Therefore, pres",4,-0.7443801164627075,True,the | diameter | way | galaxy | size,Re-ranked top-1 is answer-bearing because it includes explicit evidence terms supporting the correct option.,2.7260645627975464,3,False,,the | way | galaxy | size | its,the | diameter | way | galaxy | size
official_random50,125,28,What is an order parameter?,D,An order parameter is a measure of the degree of symmetry breaking in a physical system.,"Answering the question  Algorithms are a specific set of instructions or steps on how to complete a task. For example, a computer scientist wants to sort playing cards. There are many ways to sort them - by suits (diamonds, clubs, hearts, and spades) or by numbers (2, 3, 4, 5, 6, 7, 8, 9, 10, Jack, Queen, King, and Ace).  By deciding on a set of steps to sort the cards, the scientist has created an algorithm. The sci",-10.970253944396973,False,Vector top-1 lacks direct answer-bearing terms and does not contain sufficient evidence for the correct option.,"Generally, streams that form only during and immediately after precipitation are termed ephemeral streams.  Streams in geographic terms are awarded order designations.  A stream of the first order is a blue-line stream which does not have any other blue-line stream feeding into it.  A stream of the second order is one which is formed by the joining of two or more blue-line streams.  A third-order stream is one below ",2,-4.812406063079834,False,order | the,Re-ranked top-1 is answer-bearing because it includes explicit evidence terms supporting the correct option.,6.157847881317139,1,False,,the,order | the
official_random50,132,29,What is the main factor that determines the occurrence of each type of supernova?,E,The progenitor star's metallicity,"Later in large stars (~ 10 Mʘ), heavier elements are made by fusion. Finally the star makes a supernova explosion. Most things happen in the universe so slowly we do not notice. But supernova explosions happen in only 100 seconds. When a supernova explodes its flash is as bright as a 100 billion stars. The dying star is so bright it can be seen during the day. Supernova means ""new star"" because people used to think i",-4.148451328277588,True,Vector top-1 lacks direct answer-bearing terms and does not contain sufficient evidence for the correct option.,"Later in large stars (~ 10 Mʘ), heavier elements are made by fusion. Finally the star makes a supernova explosion. Most things happen in the universe so slowly we do not notice. But supernova explosions happen in only 100 seconds. When a supernova explodes its flash is as bright as a 100 billion stars. The dying star is so bright it can be seen during the day. Supernova means ""new star"" because people used to think i",1,-4.148451328277588,False,the | star,Re-ranked top-1 is answer-bearing because it includes explicit evidence terms supporting the correct option.,0.0,0,False,,the | star,the | star
official_random50,9,30,What is the role of axioms in a formal theory?,A,"Basis statements called axioms form the foundation of a formal theory and, together with the deducing rules, help in deriving a set of statements called theorems using proof theory.","String theory has been developed because of a very important problem that has existed for almost 100 years. Albert Einstein's theory that describes the universe on very large scales (it is called general relativity), and it disagrees with two theories that describe things on very small scales (they are called quantum mechanics and the standard model). There are also problems with the Standard Model: it includes about",-9.65903091430664,True,Vector top-1 lacks direct answer-bearing terms and does not contain sufficient evidence for the correct option.,"Non-Euclidean geometry is more complicated than Euclidean geometry but has many uses. Spherical geometry for example is used in astronomy and cartography.  Examples  Geometry starts with a few simple ideas that are thought to be true, called axioms. Such as:  A point is shown on paper by touching it with a pencil or pen, without making any sideways movement. We know where the point is, but it has no size.  A straight",5,-2.33493709564209,True,called | axioms | the | and,Re-ranked top-1 is answer-bearing because it includes explicit evidence terms supporting the correct option.,7.324093818664551,4,False,,called | the | theory | and,called | axioms | the | and
official_random50,18,31,What is the 'reactive Leidenfrost effect' observed in non-volatile materials?,A,"The 'reactive Leidenfrost effect' is a phenomenon where solid particles float above hot surfaces and move erratically, observed in non-volatile materials.","Heavier isotopes react chemically more slowly than lighter isotopes of the same element. This ""mass effect"" is large for protium (1H) and deuterium (2H), because deuterium has twice the mass of protium. For heavier elements, the relative atomic weight ratio between isotopes is much less, so the mass effect is usually small.  Stability  Some isotopes are not stable so they change to a different isotope or element by r",-9.403173446655273,True,Vector top-1 lacks direct answer-bearing terms and does not contain sufficient evidence for the correct option.,"Chemical properties Zinc is a reactive metal. It is about as reactive as aluminium and more reactive than most of the more common metals, such as iron, copper, nickel, and chromium. It is less reactive than magnesium. Zinc can react with acids, bases, and nonmetals. It does not rust in air, though. A coating of zinc oxide and zinc carbonate forms on the surface of the zinc when it is in air. This coating stops corros",16,-8.9348783493042,True,the | reactive | and | non,Re-ranked top-1 is answer-bearing because it includes explicit evidence terms supporting the correct option.,0.4682950973510742,15,False,,the | effect | and,the | reactive | and | non
official_random50,55,32,What is the SI base unit of time and how is it defined?,B,"The SI base unit of time is the second, which is defined by measuring the electronic transition frequency of caesium atoms.","The SI (International Systems of Units) unit of time is one second, written as s. When used as a variable in mathematics, time is often represented by the symbol .  In Einsteinian physics, time and space can be combined into a single concept. For more on the topic, see space-time continuum.",6.642414093017578,True,Vector top-1 lacks direct answer-bearing terms and does not contain sufficient evidence for the correct option.,"The SI (International Systems of Units) unit of time is one second, written as s. When used as a variable in mathematics, time is often represented by the symbol .  In Einsteinian physics, time and space can be combined into a single concept. For more on the topic, see space-time continuum.",1,6.642414093017578,True,the | unit | time | second,Re-ranked top-1 is answer-bearing because it includes explicit evidence terms supporting the correct option.,0.0,0,False,,the | unit | time | second,the | unit | time | second
official_random50,75,33,What is the piezoelectric strain coefficient for AT-cut quartz crystals?,B,d = 3.1·10‑12 m/V,"Zinc, sometimes called spelter, is a chemical element. It is in the group of metals called the transition metals. It is sometimes considered a post-transition metal. Its symbol on the periodic table is ""Zn"". Zinc is the 30th element on the periodic table, and has an atomic number of 30. Zinc has a mass number of 65.38. It contains 30 protons and 30 electrons. In total, 29 isotopes of zinc are known, and five of these",-10.998985290527344,False,Vector top-1 lacks direct answer-bearing terms and does not contain sufficient evidence for the correct option.,"Lithium (from Greek lithos 'stone') is a soft, silver-white metal with symbol Li. It is the third chemical element in the periodic table. This means that it has 3 protons in its nucleus and 3 electrons around it. Its atomic number is 3. Its mass number is 6.94. It has two common isotopes, 6Li and 7Li. 7Li is more common; 92.5% of lithium is 7Li. Lithium is a soft silvery metal that is very reactive. It is used in lit",2,-10.644251823425293,False,,Re-ranked top-1 is answer-bearing because it includes explicit evidence terms supporting the correct option.,0.3547334671020508,1,False,,,
official_random50,150,34,"What is the reason behind the designation of Class L dwarfs, and what is their color and composition?",B,"Class L dwarfs are cooler than M stars and are designated L because L is the remaining letter alphabetically closest to M. They are dark red in color and are brightest in infrared. Their atmosphere is cool enough to allow metal hydrides and alkali metals to be prominent in their spectra. Some of these objects have masses large enough to support hydrogen fusion and are therefore stars, but most are of substellar mass and are therefore brown dwarfs.","Turmoil in taxonomy Today, there are many changes in the classification of living things. This turmoil in taxonomy has led to many alternative classifications. It is caused partly from the move from Linnaean to cladistic principles, and partly by the use of DNA sequence data in taxonomy. An example is: the way derived groups like birds should not be classified at the same level as the group they evolved from. Yet bir",-9.827059745788574,True,Vector top-1 lacks direct answer-bearing terms and does not contain sufficient evidence for the correct option.,"Living things are classified into three domains: bacteria, archaea and eukaryotes. The highest rank in a domain is the kingdom. Each kingdom has many smaller groups in it, called phyla. Each phylum has more smaller groups in it, called classes. This pattern looks like branches on a tree with smaller branches growing from them. Each species is put into a group because of what it does, how and what it eats, special bod",11,-9.003299713134766,True,class | are | and | the | they | enough,Re-ranked top-1 is answer-bearing because it includes explicit evidence terms supporting the correct option.,0.8237600326538086,10,False,,class | are | and | the | they,class | are | and | the | they | enough
official_random50,104,35,What is the Landau-Lifshitz-Gilbert equation used for in physics?,C,"The Landau-Lifshitz-Gilbert equation is a differential equation used to describe the precessional motion of magnetization M in a solid, and is commonly used in micromagnetics to model the effects of a magnetic field on ferromagnetic materials.",Applied mathematics  Applied math uses symbolic logic to solve problems in areas like engineering and physics.  Numerical analysis – Optimization – Probability theory – Statistics – Mathematical finance – Game theory – Mathematical physics – Fluid dynamics - Computational algorithms  Famous theorems  These theorems and conjectures have interested mathematicians and amateurs alike:  Pythagorean theorem – FLT – Goldbac,-8.084165573120117,True,Vector top-1 lacks direct answer-bearing terms and does not contain sufficient evidence for the correct option.,"This equation is used to calculate how the earth moves around the sun and how the moon moves around the earth. It is also used to calculate how other planets, stars and objects in space move around.  The equation says that if two objects are very heavy then there is a strong force between them because of gravity. If they are very far apart then the force is weaker.  The four forces of the Universe  Objects and partic",2,-2.9775986671447754,True,the | equation | and,Re-ranked top-1 is answer-bearing because it includes explicit evidence terms supporting the correct option.,5.106566905975342,1,False,,the | and,the | equation | and
official_random50,135,36,Who was the first person to describe the pulmonary circulation system?,E,Ibn al-Nafis,"On 1 August 1774, British clergyman Joseph Priestley focused sunlight on mercuric oxide in a glass tube. From this experiment he got a gas that he called ""dephlogisticated air"". He found that candles burned more brightly in the gas and a mouse lived longer while breathing it. After breathing the gas, Priestley said that it felt like normal air, but his lungs felt lighter and easy afterwards. His findings were publish",-9.033565521240234,False,Vector top-1 lacks direct answer-bearing terms and does not contain sufficient evidence for the correct option.,"Lavoisier's research  Lavoisier did the first main experiments on oxidation. He was the first person to explain how combustion works. He used these and other experiments to prove the phlogiston theory wrong. He also tried to prove that the substance discovered by Priestley and Scheele was a chemical element.  In one experiment, Lavoisier found that there was no increase in weight when tin and air were heated in a clo",4,-4.522283554077148,False,,Re-ranked top-1 is answer-bearing because it includes explicit evidence terms supporting the correct option.,4.511281967163086,3,False,,,
official_random50,137,37,What is the main focus of the Environmental Science Center at Qatar University?,D,"Environmental studies, with a main focus on marine science, atmospheric and biological sciences.",Community and ecosystem ecology,-7.002255439758301,False,Vector top-1 lacks direct answer-bearing terms and does not contain sufficient evidence for the correct option.,Community and ecosystem ecology,1,-7.002255439758301,False,and,Re-ranked top-1 is answer-bearing because it includes explicit evidence terms supporting the correct option.,0.0,0,False,,and,and
official_random50,164,38,What is Modified Newtonian Dynamics (MOND)?,C,MOND is a hypothesis that proposes a modification of Newton's law of universal gravitation to account for observed properties of galaxies. It is an alternative to the hypothesis of dark matter in terms of explaining why galaxies do not appear to obey the currently understood laws of physics.,"|- !mole |style=""text-align:center"" |mol |style=""text-align:center"" |N |amount ofsubstance |  Prior (1900): A stoichiometric quantity which is the equivalent mass in grams of Avogadro's number of molecules of a substance.ICAW  Interim (1967): The amount of substance of a system which contains as many elementary entities as there are atoms in 0.012 kilogram of carbon-12.  Current (2019): The amount of substance of exa",-11.3375883102417,True,Vector top-1 lacks direct answer-bearing terms and does not contain sufficient evidence for the correct option.,Sir Isaac Newton's laws of motion contain an important formula: F = ma. F is force. m is mass. a is acceleration. An object with a mass (m) of one kilogram will accelerate (a) at one meter per second per second when acted upon by a force (F) of one newton. This about one-tenth the acceleration due to earth’s gravity.,3,-6.946592807769775,True,newton | law | for | the | laws,Re-ranked top-1 is answer-bearing because it includes explicit evidence terms supporting the correct option.,4.390995502471924,2,False,,for | the,newton | law | for | the | laws
official_random50,76,39,What is the difference between probability mass function (PMF) and probability density function (PDF)?,D,"PMF is used for discrete random variables, while PDF is used for continuous random variables.","Division in physics   When the Standard Model is set to general relativity in order to include mass, probability densities of infinity appear.  This is presumed incorrect, as probability ordinarily ranges from 0 to 1—0% to 100% probability.  Some theoretical physicists suspect that the problem is in the Standard Model, which represents each particle by a zero-dimensional point that in principle can be infinitely smal",-5.1972503662109375,False,Vector top-1 lacks direct answer-bearing terms and does not contain sufficient evidence for the correct option.,"Probability is a part of applied mathematics. It has to do with chance, the study of things that might happen or might not happen.  For example, using probability, one can show that by throwing a coin up in the air and letting it land, half of the time it will land with one side facing up, and half of the time with the other side facing up. Many coins have a picture of the face of a famous person on one side, and som",3,-3.0584404468536377,False,for,Re-ranked top-1 is answer-bearing because it includes explicit evidence terms supporting the correct option.,2.1388099193573,2,False,,,for
official_random50,79,40,What is a Hilbert space in quantum mechanics?,E,A complex vector space where the state of a quantum mechanical system is described by a vector |Ψ⟩.,"Quantum realm  Strange mechanics   By the 1920s, to probe the operating of the electromagnetic field at minuscule scales of space and time, quantum mechanics (QM) was developed. Yet electrons—the matter particles that interact with the photons that are the electromagnetic field's force carriers—would appear to defy mechanical principles altogether. None could predict a quantum particle's location from moment to momen",-3.2735211849212646,True,Vector top-1 lacks direct answer-bearing terms and does not contain sufficient evidence for the correct option.,"Concept  Framework   String conjectures that on the microscopic scale, Einstein's 4D spacetime is a field of Calabi-Yau manifolds, each containing 6 space dimensions curled up, thus not extended into the 3 space dimensions presented to the classical realm.  In string theory, each quantum particle is replaced by a 1D string of vibrating energy whose length is the Planck length.  As the string moves, it traces width, a",2,-2.88317608833313,True,space | the | quantum,Re-ranked top-1 is answer-bearing because it includes explicit evidence terms supporting the correct option.,0.39034509658813477,1,False,,space | the | quantum | mechanical,space | the | quantum
official_random50,197,41,What happens to excess base metal as a solution cools from the upper transformation temperature towards an insoluble state?,B,"The excess base metal will often crystallize-out, becoming the proeutectoid until the remaining concentration of solutes reaches the eutectoid level, which will then crystallize as a separate microstructure.","State changes  A gas can go through two different state changes. If the temperature is low enough the gas can condense and turn into a liquid. Sometimes, if the temperature is low enough it can go through deposition, where it changes straight to a solid. Normally a gas must first condense to a liquid, and then freeze to become a solid, but if the temperature is very low it can skip the liquid stage and instantly beco",-9.327751159667969,False,Vector top-1 lacks direct answer-bearing terms and does not contain sufficient evidence for the correct option.,"Condensation is how gas changes into a liquid when it touches a cooler surface. Condensation is part of the water cycle. It is the opposite of evaporation.  Process  Condensation of water is when water changes from gas to a liquid or crystal shape.  Any gas can condense, either because the temperature is dropping or the pressure is increasing.  In either case the pressure of the condensing gas is higher than the vapo",5,-9.175861358642578,False,the,Re-ranked top-1 is answer-bearing because it includes explicit evidence terms supporting the correct option.,0.15188980102539062,4,False,,the,the
official_random50,38,42,What is the spin quantum number?,E,"The spin quantum number is a dimensionless quantity obtained by dividing the spin angular momentum by the reduced Planck constant ħ, which has the same dimensions as angular momentum.","For each shell, numbered 1, 2, 3, and so on, there may be a number of different orbitals. These have different shapes, or point in different directions. Each orbital can be described by its three quantum numbers. The principal quantum number is the electron shell number. The azimuthal quantum number is represented by a letter: s, p, d, or f. Depending on the principal and azimuthal quantum numbers, the electron can h",-0.9432252645492554,True,Vector top-1 lacks direct answer-bearing terms and does not contain sufficient evidence for the correct option.,"For each shell, numbered 1, 2, 3, and so on, there may be a number of different orbitals. These have different shapes, or point in different directions. Each orbital can be described by its three quantum numbers. The principal quantum number is the electron shell number. The azimuthal quantum number is represented by a letter: s, p, d, or f. Depending on the principal and azimuthal quantum numbers, the electron can h",1,-0.9432252645492554,True,the | quantum | number,Re-ranked top-1 is answer-bearing because it includes explicit evidence terms supporting the correct option.,0.0,0,False,,the | quantum | number,the | quantum | number
official_random50,24,43,What is the decay energy for the free neutron decay process?,E,0.782343 MeV,"The number of neutrons in relation to protons defines whether the nucleus stays together or goes through radioactive decay. When there are too many neutrons or protons, the atom tries to make the numbers smaller or more equal by removing the extra particles. It sends out radiation in the form of alpha, beta, or gamma decay. Nuclei can also change in other ways. Nuclear fission is when the nucleus breaks into two smal",-2.4161734580993652,False,Vector top-1 lacks direct answer-bearing terms and does not contain sufficient evidence for the correct option.,"There are three main kinds of radioactive decay: alpha, beta, and gamma.  Alpha decay is when the atom shoots out a particle having two protons and two neutrons. This is a helium-4 nucleus. The result is an element with an atomic number of two less than before. So, for example, if a uranium atom (atomic number 92) went through alpha decay, it would become thorium (atomic number 90). Alpha decay happens when an atom i",3,-2.153271198272705,False,,Re-ranked top-1 is answer-bearing because it includes explicit evidence terms supporting the correct option.,0.26290225982666016,2,False,,,
official_random50,122,44,How many crystallographic point groups are there in three-dimensional space?,B,32,"Typical galaxies range from dwarf galaxies with as few as ten million (107) stars up to giants with one trillion (1012) stars, all orbiting the galaxy's center of mass. Thus, a very rough estimate from these numbers would suggest there are around one sextillion (1021) stars in the observable Universe; though a 2003 study by Australian National University astronomers resulted in a figure of 70 sextillion (7 x 1022).  ",-7.66231632232666,False,Vector top-1 lacks direct answer-bearing terms and does not contain sufficient evidence for the correct option.,"In a vector space  (with vectors being ""arrows"" with directions), the dimension of , also written as , is equal to the cardinality (or number of vectors) of a basis of  (a set which indicates how many unique directions  actually has). It is also equal to the number of the largest group of straight line directions of that space. ""Normal"" objects in everyday life are specified by three dimensions, which are usually cal",4,-6.330859184265137,False,,Re-ranked top-1 is answer-bearing because it includes explicit evidence terms supporting the correct option.,1.3314571380615234,3,False,,,
official_random50,195,45,What is the relation between the three moment theorem and the bending moments at three successive supports of a continuous beam?,C,"The three moment theorem describes the relationship between bending moments at three successive supports of a continuous beam, subject to a loading on two adjacent spans with or without settlement of the supports.","Big Bang model   The prevailing Big Bang model accounts for many of the experimental observations described above, such as the correlation of distance and redshift of galaxies, the universal ratio of hydrogen:helium atoms, and the ubiquitous, isotropic microwave radiation background. As noted above, the redshift arises from the metric expansion of space; as the space itself expands, the wavelength of a photon traveli",-10.945781707763672,False,Vector top-1 lacks direct answer-bearing terms and does not contain sufficient evidence for the correct option.,"The General Theory of Relativity   The General Theory of Relativity was published in 1915, ten years after the special theory of relativity was created. Einstein's general theory of relativity uses the idea of spacetime. Spacetime is the fact that we have a four-dimensional universe, having three spatial (space) dimensions and one temporal (time) dimension. Any physical event happens at some place inside these three ",3,-7.469574928283691,True,the | three | moment | bending,Re-ranked top-1 is answer-bearing because it includes explicit evidence terms supporting the correct option.,3.4762067794799805,2,True,,the,the | three | moment | bending
official_random50,29,46,What is the function of the fibrous cardiac skeleton?,C,"The fibrous cardiac skeleton provides structure to the heart, forming the atrioventricular septum that separates the atria from the ventricles, and the fibrous rings that serve as bases for the four heart valves.","Proteins are essential to all cells. Like other biological macromolecules (polysaccharides and nucleic acids), proteins take part in virtually every process in cells:  Many proteins are enzymes that catalyze (help to happen) biochemical reactions and are vital to metabolism.  Other proteins have structural or mechanical functions, such as in muscle and in cells. The cytoskeleton is a system of scaffolding that keeps ",-10.554896354675293,True,Vector top-1 lacks direct answer-bearing terms and does not contain sufficient evidence for the correct option.,"Body systems  There are different organ systems, such as the cardiovascular system, also known as the circulatory system (the system that gets blood around the body), the muscular system (the system that contains muscles), the nervous system (the system that controls the nerves,and the brain) and the skeleton (the bones).  Anatomy, physiology and biochemistry are similar basic medical sciences.  Related pages  Anatom",6,-8.78264045715332,True,the | skeleton | and,Re-ranked top-1 is answer-bearing because it includes explicit evidence terms supporting the correct option.,1.7722558975219727,5,False,,the | skeleton | and | for,the | skeleton | and
official_random50,19,47,What is reciprocal length or inverse length?,E,"Reciprocal length or inverse length is a quantity or measurement used in several branches of science and mathematics. It is the reciprocal of length, and common units used for this measurement include the reciprocal metre or inverse metre (symbol: m−1), the reciprocal centimetre or inverse centimetre (symbol: cm−1).","Multiplicative inverse property  The multiplicative inverse property means that when we multiply a number and its reciprocal, the result is 1. Algebraically, it states the following: , which is the same as . For example, the multiplicative inverse (or reciprocal) of 2 is 1/2. To get the reciprocal of a fraction, switch the numerator and the denominator: the reciprocal of  is .  Advanced Algebra In addition to ""elemen",-0.2857353985309601,True,Vector top-1 lacks direct answer-bearing terms and does not contain sufficient evidence for the correct option.,"Multiplicative inverse property  The multiplicative inverse property means that when we multiply a number and its reciprocal, the result is 1. Algebraically, it states the following: , which is the same as . For example, the multiplicative inverse (or reciprocal) of 2 is 1/2. To get the reciprocal of a fraction, switch the numerator and the denominator: the reciprocal of  is .  Advanced Algebra In addition to ""elemen",1,-0.2857353985309601,True,reciprocal | inverse | and | the | for | include,Re-ranked top-1 is answer-bearing because it includes explicit evidence terms supporting the correct option.,0.0,0,False,,reciprocal | inverse | and | the | for | include,reciprocal | inverse | and | the | for | include
official_random50,143,48,What is the role of methane in Fischer-Tropsch processes?,A,Methane is partially converted to carbon monoxide for utilization in Fischer-Tropsch processes.,"Hydrogen, along with electrons energized by light, converts NADP into NADPH which is then used in the light-independent reactions. Oxygen gas diffuses out of the plant as a waste product of photosynthesis, and ATP is synthesized from ADP and inorganic phosphate. This all happens in the grana of chloroplasts.  Dark phase  During this reaction, sugars are built up using carbon dioxide and the products of the light-depe",-10.183938980102539,True,Vector top-1 lacks direct answer-bearing terms and does not contain sufficient evidence for the correct option.,"It is a useful process. One use is in distillation. The gas made from a boiling liquid mix is sent to a condenser, where the different parts condense differently. This can purify a liquid, such as alcohol or water. The condensing liquid makes heat, which must be removed for the condensation to continue.  Related pages   Desalination  References  Other websites   International Consortium of Advanced Technologies and S",8,-9.894065856933594,False,for,Re-ranked top-1 is answer-bearing because it includes explicit evidence terms supporting the correct option.,0.2898731231689453,7,False,,carbon | for,for
official_random50,86,49,What is the formalism that angular momentum is associated with in rotational invariance?,D,Angular momentum is the 2-form Noether charge associated with rotational invariance.,"In this formula, think that the centripetal force and the centripetal momentum are the same thing because they are both measured in Newtons.   If, however, the angular frequency is not constant (as might be the case in a roller-coaster ride) then  does vary with respect to time. Here      Thus      as  and  , which we know from the angular frequency.  Geometric proof for uniform circular motion  In the figure to the ",-5.678342819213867,True,Vector top-1 lacks direct answer-bearing terms and does not contain sufficient evidence for the correct option.,"By law of inertia, when no force is applied to an object, the object holds its velocity, which is speed and direction.  An object either in uniform motion, which is constant speed in an unchanging direction, or staying at rest, which is zero velocity, experiences inertia.  This exhibits Galilean invariance—its mechanical interactions proceeding without variation—also called Galilean relativity since one cannot percei",4,-5.093413352966309,True,the | form | invariance,Re-ranked top-1 is answer-bearing because it includes explicit evidence terms supporting the correct option.,0.5849294662475586,3,False,,angular | momentum | the | form,the | form | invariance
